{
  "results": [
    {
      "command": "./target/release/naive-std-hash 10000000",
      "mean": 1.3647852158000002,
      "stddev": 0.0021773491899073627,
      "median": 1.3643972243000002,
      "user": 1.36014362,
      "system": 0.0039328,
      "min": 1.3615727658,
      "max": 1.3694750578000001,
      "times": [
        1.3638214738,
        1.3631196408000001,
        1.3639433078,
        1.3615727658,
        1.3694750578000001,
        1.3638205158,
        1.3648511408000001,
        1.3669223908,
        1.3654400568,
        1.3648858078000001
      ],
      "exit_codes": [
        0,
        0,
        0,
        0,
        0,
        0,
        0,
        0,
        0,
        0
      ]
    },
    {
      "command": "./target/release/naive-dash-hash 10000000",
      "mean": 1.5270040035,
      "stddev": 0.0013798351882216818,
      "median": 1.5266021203000002,
      "user": 1.52213682,
      "system": 0.0043891,
      "min": 1.5252304318,
      "max": 1.5288897238,
      "times": [
        1.5288844748000001,
        1.5265225578000001,
        1.5265176828,
        1.5259390158,
        1.5266816828,
        1.5288897238,
        1.5284433498,
        1.5275924748,
        1.5253386408,
        1.5252304318
      ],
      "exit_codes": [
        0,
        0,
        0,
        0,
        0,
        0,
        0,
        0,
        0,
        0
      ]
    },
    {
      "command": "./target/release/thread-std-hash-std-channel 10000000",
      "mean": 1.2554470282999999,
      "stddev": 0.0052133565100070875,
      "median": 1.2557703698,
      "user": 1.9397191200000001,
      "system": 0.2773208,
      "min": 1.2489766828,
      "max": 1.2645763078,
      "times": [
        1.2590738488000002,
        1.2599991408,
        1.2645763078,
        1.2498035158,
        1.2582611828,
        1.2572341408,
        1.2489766828,
        1.2524992658,
        1.2497395988,
        1.2543065988000002
      ],
      "exit_codes": [
        0,
        0,
        0,
        0,
        0,
        0,
        0,
        0,
        0,
        0
      ]
    },
    {
      "command": "./target/release/thread-dash-hash-std-channel 10000000",
      "mean": 1.1646951865,
      "stddev": 0.00581876523338706,
      "median": 1.1638759113,
      "user": 1.9849999199999995,
      "system": 0.1458718,
      "min": 1.1575488068,
      "max": 1.1756821828,
      "times": [
        1.1590875578,
        1.1638893908,
        1.1756821828,
        1.1576236828,
        1.1692787238,
        1.1696871818,
        1.1575488068,
        1.1638624318,
        1.1637661408,
        1.1665257658000001
      ],
      "exit_codes": [
        0,
        0,
        0,
        0,
        0,
        0,
        0,
        0,
        0,
        0
      ]
    }
  ]
}
