{
  "results": [
    {
      "command": "./target/release/naive-std-hash 10000000",
      "mean": 1.2437903692799999,
      "stddev": 0.02652011363429109,
      "median": 1.2337318693800001,
      "user": 1.2391723799999999,
      "system": 0.0010099599999999999,
      "min": 1.21701447338,
      "max": 1.2946175983800001,
      "times": [
        1.22636334838,
        1.21906084838,
        1.21992380638,
        1.21701447338,
        1.23054455738,
        1.26210647338,
        1.2946175983800001,
        1.26944905738,
        1.26190434838,
        1.23691918138
      ],
      "exit_codes": [
        0,
        0,
        0,
        0,
        0,
        0,
        0,
        0,
        0,
        0
      ]
    },
    {
      "command": "./target/release/naive-dash-hash 10000000",
      "mean": 1.43844908168,
      "stddev": 0.02726538801977636,
      "median": 1.43138872338,
      "user": 1.4293783799999997,
      "system": 0.00155506,
      "min": 1.4124739313799999,
      "max": 1.5006172233800001,
      "times": [
        1.41862059838,
        1.42775901538,
        1.5006172233800001,
        1.42207343138,
        1.4627243483799999,
        1.44002734838,
        1.41383764038,
        1.45133884838,
        1.43501843138,
        1.4124739313799999
      ],
      "exit_codes": [
        0,
        0,
        0,
        0,
        0,
        0,
        0,
        0,
        0,
        0
      ]
    },
    {
      "command": "./target/release/thread-std-hash-std-channel 10000000",
      "mean": 1.38991069008,
      "stddev": 0.016755928471256048,
      "median": 1.38682372388,
      "user": 1.8686078799999997,
      "system": 0.37470435999999996,
      "min": 1.37043764038,
      "max": 1.41711064038,
      "times": [
        1.41711064038,
        1.41260014038,
        1.4002469313800001,
        1.39747876438,
        1.3847056393800001,
        1.38704276538,
        1.3718253893799999,
        1.38660468238,
        1.37105430738,
        1.37043764038
      ],
      "exit_codes": [
        0,
        0,
        0,
        0,
        0,
        0,
        0,
        0,
        0,
        0
      ]
    },
    {
      "command": "./target/release/thread-dash-hash-std-channel 10000000",
      "mean": 1.3412963898799999,
      "stddev": 0.029378357715955813,
      "median": 1.33676849438,
      "user": 2.06860478,
      "system": 0.26027606,
      "min": 1.31505726438,
      "max": 1.39602638938,
      "times": [
        1.3153765153799999,
        1.31632768138,
        1.31505726438,
        1.31722980638,
        1.33767055738,
        1.38656251438,
        1.39602638938,
        1.33586643138,
        1.3521340983799999,
        1.34071264038
      ],
      "exit_codes": [
        0,
        0,
        0,
        0,
        0,
        0,
        0,
        0,
        0,
        0
      ]
    },
    {
      "command": "./target/release/thread-dash-hash-rtrb-channel 10000000",
      "mean": 1.06423379428,
      "stddev": 0.012041183221424678,
      "median": 1.0573507443799999,
      "user": 1.6385751799999997,
      "system": 0.011745259999999999,
      "min": 1.05300772338,
      "max": 1.09109605738,
      "times": [
        1.07025718138,
        1.05688343138,
        1.05729643138,
        1.05740505738,
        1.05300772338,
        1.0557587233799999,
        1.05651234838,
        1.06903764038,
        1.07508334838,
        1.09109605738
      ],
      "exit_codes": [
        0,
        0,
        0,
        0,
        0,
        0,
        0,
        0,
        0,
        0
      ]
    }
  ]
}
