{
  "results": [
    {
      "command": "./target/release/naive-std-hash 10000000",
      "mean": 1.38475314562,
      "stddev": 0.021609072676955356,
      "median": 1.38400487912,
      "user": 1.3742347,
      "system": 0.0014415600000000004,
      "min": 1.36227427562,
      "max": 1.43641160762,
      "times": [
        1.3652118576199999,
        1.36227427562,
        1.36529677462,
        1.3744986506199999,
        1.39381498262,
        1.3915586496199999,
        1.39045489962,
        1.38472714962,
        1.43641160762,
        1.3832826086199999
      ],
      "exit_codes": [
        0,
        0,
        0,
        0,
        0,
        0,
        0,
        0,
        0,
        0
      ]
    },
    {
      "command": "./target/release/naive-dash-hash 10000000",
      "mean": 1.53260184172,
      "stddev": 0.011519067230945307,
      "median": 1.52824662962,
      "user": 1.5274550999999996,
      "system": 0.0008602600000000005,
      "min": 1.51655010862,
      "max": 1.5552159826199998,
      "times": [
        1.53722148262,
        1.54413690062,
        1.52620994162,
        1.5248971916199998,
        1.5552159826199998,
        1.53021802562,
        1.54054656662,
        1.5247469836199998,
        1.51655010862,
        1.52627523362
      ],
      "exit_codes": [
        0,
        0,
        0,
        0,
        0,
        0,
        0,
        0,
        0,
        0
      ]
    },
    {
      "command": "./target/release/thread-std-hash-std-channel 10000000",
      "mean": 1.2188959041199998,
      "stddev": 0.005883770533651953,
      "median": 1.21935133712,
      "user": 1.8904328,
      "system": 0.22443725999999997,
      "min": 1.2087292756199999,
      "max": 1.22539785762,
      "times": [
        1.22443302462,
        1.2236434006199999,
        1.2187481496199999,
        1.2199545246199999,
        1.22468269162,
        1.21707919162,
        1.2152274836199999,
        1.2087292756199999,
        1.22539785762,
        1.21106344162
      ],
      "exit_codes": [
        0,
        0,
        0,
        0,
        0,
        0,
        0,
        0,
        0,
        0
      ]
    },
    {
      "command": "./target/release/thread-dash-hash-std-channel 10000000",
      "mean": 1.19073087492,
      "stddev": 0.004039540142595844,
      "median": 1.19063827512,
      "user": 2.0209077,
      "system": 0.17779705999999998,
      "min": 1.1849578996199999,
      "max": 1.19798527462,
      "times": [
        1.18876631662,
        1.1910731506199999,
        1.1950098166199998,
        1.18858535862,
        1.19175985862,
        1.19332902462,
        1.18563864962,
        1.1902033996199999,
        1.1849578996199999,
        1.19798527462
      ],
      "exit_codes": [
        0,
        0,
        0,
        0,
        0,
        0,
        0,
        0,
        0,
        0
      ]
    },
    {
      "command": "./target/release/thread-dash-hash-rtrb-channel 10000000",
      "mean": 1.02867316662,
      "stddev": 0.04064383620204591,
      "median": 1.01417246262,
      "user": 1.7655313,
      "system": 0.007878760000000002,
      "min": 1.0059004006199999,
      "max": 1.1379300666199998,
      "times": [
        1.02914244162,
        1.1379300666199998,
        1.0159905246199998,
        1.04876144162,
        1.01460231662,
        1.0137426086199999,
        1.0059004006199999,
        1.0080973576199999,
        1.0061498166199998,
        1.0064146916199999
      ],
      "exit_codes": [
        0,
        0,
        0,
        0,
        0,
        0,
        0,
        0,
        0,
        0
      ]
    }
  ]
}
